gene_id,Symbol,Chr,Start,Stop,Strand,Transcript Length,CDS,gene_biotype,transcript_name,Synonyms,Full_name_from_nomenclature_authority,description,Other_designations,FFPE_Pre_M005_FPKM,FFPE_Pre_M019_FPKM,FFPE_Pre_M026_FPKM,Average_Pre_FPKM,FFPE_Resistant_M005_FPKM,FFPE_Resistant_M019_FPKM,FFPE_Resistant_M026_FPKM,FFPE_Resistant_M029_FPKM,Average_Resistant_FPKM,FFPE_M005_Fold_Change,FFPE_M019_Fold_Change,FFPE_M026_Fold_Change,Average_Fold_Change,edgeR_FDR,DESeq2_FDR,Called_By,Direction_of_Change
ENSG00000171552,BCL2L1,20,31664452,31722597,-,58146,2578,protein_coding,BCL2L1-203,BCL-XL/S|BCL2L|BCLX|Bcl-X|PPP1R52,BCL2 like 1,BCL2 like 1,"bcl-2-like protein 1|apoptosis regulator Bcl-X|protein phosphatase 1, regulatory subunit 52",13.20107533,17.7443927,61.6505429,30.86533698,14.02225084,9.972483002,45.53406641,18.54648964,22.01882247,1.062205198,0.562007569,0.738583381,0.713383511,1,0.999996026,,
ENSG00000002822,MAD1L1,7,1815794,2233243,-,417450,2991,protein_coding,MAD1L1-204,MAD1|PIG9|TP53I9|TXBP181,mitotic arrest deficient 1 like 1,mitotic arrest deficient 1 like 1,"mitotic spindle assembly checkpoint protein MAD1|MAD1 mitotic arrest deficient like 1|MAD1-like protein 1|mitotic arrest deficient 1-like protein 1|mitotic checkpoint MAD1 protein homolog|mitotic-arrest deficient 1, yeast, homolog-like 1|tax-binding protein 181|tumor protein p53 inducible protein 9",3.361758295,4.61541877,2.534393316,3.503856794,2.364661114,5.22918539,3.55572792,2.397836023,3.386852612,0.703400098,1.132981784,1.40298978,0.966607031,1,0.999996026,,
ENSG00000003096,KLHL13,X,117897814,117947942,-,50129,5331,protein_coding,KLHL13-202,BKLHD2,kelch like family member 13,kelch like family member 13,kelch-like protein 13|BTB and kelch domain containing 2|kelch-like 13,0.725438947,4.417412123,1.753727913,2.298859661,0.491374795,3.172253534,2.339964183,6.128702752,3.033073816,0.677348242,0.718124876,1.334280059,1.319381895,1,0.999996026,,
ENSG00000044090,CUL7,6,43037620,43053945,-,16326,5504,protein_coding,CUL7-203,3M1|CUL-7|KIAA0076|dJ20C7.5,cullin 7,cullin 7,cullin-7,11.80430458,21.44200598,25.43317108,19.55982721,10.0421242,16.49938506,20.20886853,22.32540431,17.26894553,0.850717138,0.769488875,0.794587056,0.882878225,1,0.999996026,,
ENSG00000065883,CDK13,7,39950256,40099580,+,149325,9525,protein_coding,CDK13-201,CDC2L|CDC2L5|CHDFIDD|CHED|hCDK13,cyclin dependent kinase 13,cyclin dependent kinase 13,cyclin-dependent kinase 13|CDC2-related protein kinase 5|cell division cycle 2-like protein kinase 5|cell division protein kinase 13|cholinesterase-related cell division controller,15.91587915,25.74664008,17.04864876,19.57038933,18.70102827,34.59586848,17.10930976,15.42727838,21.45837123,1.174991849,1.343704203,1.003558112,1.096471351,1,0.999996026,,
ENSG00000070770,CSNK2A2,16,58159551,58167713,-,8163,4978,protein_coding,CSNK2A2-203,CK2A2|CK2alpha'|CSNK2A1,casein kinase 2 alpha 2,casein kinase 2 alpha 2,"casein kinase II subunit alpha'|CK II alpha'|casein kinase 2 alpha'|casein kinase 2, alpha prime polypeptide",21.75267591,29.19958923,15.92145118,22.29123877,26.94242155,19.0871832,20.09535633,25.61288351,22.93446115,1.238579642,0.653679853,1.262156075,1.028855389,1,0.999996026,,
ENSG00000070831,CDC42,1,22025511,22101360,+,75850,10598,protein_coding,CDC42-206,CDC42Hs|G25K|TKS,cell division cycle 42,cell division cycle 42,"cell division control protein 42 homolog|G25K GTP-binding protein|GTP binding protein, 25kDa|dJ224A6.1.1 (cell division cycle 42 (GTP-binding protein, 25kD))|dJ224A6.1.2 (cell division cycle 42 (GTP-binding protein, 25kD))|growth-regulating protein|small GTP binding protein CDC42",8.976783316,5.210310449,8.003012101,7.396701955,11.19684961,5.294420685,8.541139315,14.28640869,9.829704576,1.247312007,1.016143037,1.067240585,1.328930736,1,0.999996026,,
ENSG00000072121,ZFYVE26,14,67746522,67816590,-,70069,9674,protein_coding,ZFYVE26-201,FYVE-CENT|SPG15,zinc finger FYVE-type containing 26,zinc finger FYVE-type containing 26,"zinc finger FYVE domain-containing protein 26|FYVE domain-containing centrosomal protein|spastizin|zinc finger, FYVE domain containing 26",11.99291407,13.16469778,31.15173009,18.76978065,22.50176056,13.61106105,25.21082457,27.29856417,22.15555259,1.876254631,1.033906078,0.809291314,1.180384204,1,0.999996026,,
ENSG00000075131,TIPIN,15,66336191,66356685,-,20495,1728,protein_coding,TIPIN-201,-,TIMELESS interacting protein,TIMELESS interacting protein,TIMELESS-interacting protein|CSM3 homolog,4.476059055,5.482538055,3.70439912,4.554332077,2.27388805,3.111353958,7.218952002,3.043642091,3.911959025,0.508011182,0.567502483,1.948751139,0.858953401,1,0.999996026,,
ENSG00000076382,SPAG5,17,28577574,28599025,-,21452,3786,protein_coding,SPAG5-201,DEEPEST|MAP126|hMAP126,sperm associated antigen 5,sperm associated antigen 5,sperm-associated antigen 5|astrin|mitotic spindle associated protein p126|mitotic spindle coiled-coil related protein,8.580413682,22.37799006,15.35028345,15.43622906,2.698395201,5.370481125,34.49045066,23.91063477,16.61749044,0.314483112,0.239989432,2.246893406,1.076525256,1,0.999996026,,
ENSG00000078142,PIK3C3,18,41955234,42087830,+,132597,9415,protein_coding,PIK3C3-201,VPS34|Vps34|hVps34,phosphatidylinositol 3-kinase catalytic subunit type 3,phosphatidylinositol 3-kinase catalytic subunit type 3,"phosphatidylinositol 3-kinase catalytic subunit type 3|PI3-kinase type 3|PI3K type 3|PtdIns-3-kinase type 3|phosphatidylinositol 3-kinase p100 subunit|phosphoinositide-3-kinase, class 3",6.161415332,11.1118539,8.901243355,8.72483753,7.623454226,10.09198067,7.711854342,12.47586146,9.475787673,1.237289456,0.908217545,0.866379452,1.086070387,1,0.999996026,,
ENSG00000086712,TXLNG,X,16786466,16844519,+,58054,4362,protein_coding,TXLNG-201,CXorf15|ELRG|FIAT|LSR5|TXLNGX,taxilin gamma,taxilin gamma,gamma-taxilin|environmental LPS-responding|environmental lipopolysaccharide-responding gene protein|factor inhibiting ATF4-mediated transcription|factor inhibiting activating transcription factor 4 (ATF4)-mediated transcription|lipopolysaccharide specific response-5 protein|lipopolysaccharide-specific response protein 5,6.206145154,6.019264418,8.631172176,6.952193916,6.005316447,6.521354321,11.75075205,13.04385416,9.330319245,0.967640346,1.083413831,1.361431774,1.342068325,1,0.999996026,,
ENSG00000087586,AURKA,20,56369390,56392205,-,22816,2248,protein_coding,AURKA-202,AIK|ARK1|AURA|BTAK|PPP1R47|STK15|STK6|STK7,aurora kinase A,aurora kinase A,"aurora kinase A|aurora 2|aurora/IPL1-like kinase|aurora/IPL1-related kinase 1|breast tumor-amplified kinase|protein phosphatase 1, regulatory subunit 47|serine/threonine protein kinase 15|serine/threonine-protein kinase 6|serine/threonine-protein kinase aurora-A",6.537276286,12.16136758,13.00112956,10.56659114,0.815686532,3.565726386,28.27900442,9.500180814,10.54014954,0.124774676,0.293201103,2.175119039,0.997497622,1,0.999996026,,
ENSG00000090565,RAB11FIP3,16,425649,523011,+,97363,4801,protein_coding,RAB11FIP3-201,CART1|FIP3-Rab11|Rab11-FIP3,RAB11 family interacting protein 3,RAB11 family interacting protein 3,rab11 family-interacting protein 3|EF hands-containing Rab-interacting protein|MU-MB-17.148|RAB11 family interacting protein 3 (class II)|arfophilin-1|cytoplasmic adaptor for RAR and TR|eferin,11.43842394,18.49266432,9.473489369,13.13485921,11.73081842,17.30683643,8.794183241,5.54380754,10.84391141,1.02556248,0.935875768,0.92829399,0.825582615,1,0.999996026,,
ENSG00000097033,SH3GLB1,1,86704570,86748176,+,43607,6456,protein_coding,SH3GLB1-205,Bif-1|CGI-61|PPP1R70|dJ612B15.2,"SH3 domain containing GRB2 like, endophilin B1","SH3 domain containing GRB2 like, endophilin B1","endophilin-B1|Bax-interacting factor 1|SH3 domain-containing GRB2-like protein B1|SH3-containing protein SH3GLB1|SH3-domain GRB2 like endophilin B1|protein phosphatase 1, regulatory subunit 70|testicular tissue protein Li 172",16.53313115,7.945167204,14.27255478,12.91695104,15.25618273,9.221132028,11.87813835,16.02155093,13.09425101,0.922764272,1.160596346,0.832236312,1.013726147,1,0.999996026,,
ENSG00000100462,PRMT5,14,22920525,22929401,-,8877,2418,protein_coding,PRMT5-204,HRMT1L5|HSL7|IBP72|JBP1|SKB1|SKB1Hs,protein arginine methyltransferase 5,protein arginine methyltransferase 5,protein arginine N-methyltransferase 5|72 kDa ICln-binding protein|HMT1 hnRNP methyltransferase-like 5|SKB1 homolog|histone-arginine N-methyltransferase PRMT5|jak-binding protein 1|shk1 kinase-binding protein 1 homolog,7.677052155,17.8550775,13.7590585,13.09706272,8.883397883,10.3089481,15.50993009,15.22576292,12.48200975,1.157136581,0.577367872,1.127252281,0.953038862,1,0.999996026,,
ENSG00000101266,CSNK2A1,20,472498,543790,-,71293,12984,protein_coding,CSNK2A1-201,CK2A1|CKII|Cka1|Cka2|OCNDS,casein kinase 2 alpha 1,casein kinase 2 alpha 1,"casein kinase II subunit alpha|CK2 catalytic subunit alpha|casein kinase 2, alpha 1 polypeptide|casein kinase II alpha 1 polypeptide pseudogene|casein kinase II alpha 1 subunit|protein kinase CK2",13.52249708,12.8836025,14.8875112,13.76453692,9.018214787,11.43614719,19.07946535,16.35005047,13.97096945,0.666904547,0.887651353,1.281575214,1.014997419,1,0.999996026,,
ENSG00000101413,RPRD1B,20,38033546,38092366,+,58821,3874,protein_coding,RPRD1B-201,C20orf77|CREPT|K-H|Kub5-Hera|NET60|dJ1057B20.2,regulation of nuclear pre-mRNA domain containing 1B,regulation of nuclear pre-mRNA domain containing 1B,regulation of nuclear pre-mRNA domain-containing protein 1B|Ku70-binding protein 5-Hera|cell-cycle related and expression-elevated protein in tumor,12.57825743,14.81267838,24.72001708,17.37031763,11.02172438,11.45583384,32.90197703,31.43092207,21.70261433,0.876252091,0.773380313,1.330985206,1.24940803,1,0.999996026,,
ENSG00000103540,CCP110,16,19523811,19553408,+,29598,5549,protein_coding,CCP110-203,CP110|Cep110,centriolar coiled-coil protein 110,centriolar coiled-coil protein 110,centriolar coiled-coil protein of 110 kDa|centriolar coiled-coil protein 110kDa|centrosomal protein CP110|centrosomal protein of 110 kDa,5.993676194,7.121893575,6.056281999,6.390617256,3.729356708,6.253801575,8.127513008,3.733808218,5.461119877,0.622215246,0.878109383,1.341997121,0.854552801,1,0.999996026,,
ENSG00000103769,RAB11A,15,65869491,65891989,+,22499,4895,protein_coding,RAB11A-201,YL8,"RAB11A, member RAS oncogene family","RAB11A, member RAS oncogene family","ras-related protein Rab-11A|RAB 11A, member oncogene family|rab-11",17.06516946,18.74581604,22.93640621,19.5824639,14.23477146,12.78079142,18.01839529,13.83756308,14.71788031,0.834141817,0.681794348,0.78558058,0.751584703,1,0.999996026,,
ENSG00000104332,SFRP1,8,41261962,41309473,-,47512,4464,protein_coding,SFRP1-201,FRP|FRP-1|FRP1|FrzA|SARP2,secreted frizzled related protein 1,secreted frizzled related protein 1,secreted frizzled-related protein 1|SARP-2|frizzled-related protein|sFRP-1|secreted apoptosis-related protein 2,118.8610263,21.22272795,1.679243744,47.25433265,31.92245419,11.62788705,4.102084388,242.6702088,72.5806586,0.268569566,0.547897852,2.442816538,1.535957753,1,0.999996026,,
ENSG00000105146,AURKC,19,57231140,57235548,+,4409,1610,protein_coding,AURKC-208,AIE2|AIK3|ARK3|AurC|HEL-S-90|SPGF5|STK13|aurora-C,aurora kinase C,aurora kinase C,aurora kinase C|ARK-3|aurora 3|aurora-related kinase 3|aurora/IPL1-related kinase 3|aurora/IPL1/EG2 protein 2|epididymis secretory protein Li 90|serine/threonine kinase 13 (aurora/IPL1-like)|serine/threonine-protein kinase 13|serine/threonine-protein kinase aurora-C,3.362882629,0.672498723,1.255547894,1.763643082,0.813515228,0.303581007,1.440341307,0.494957042,0.763098646,0.241910087,0.45142243,1.147181493,0.432683151,1,NA,,
ENSG00000105221,AKT2,19,40230317,40285345,-,55029,5250,protein_coding,AKT2-206,HIHGHH|PKBB|PKBBETA|PRKBB|RAC-BETA,AKT serine/threonine kinase 2,AKT serine/threonine kinase 2,RAC-beta serine/threonine-protein kinase|PKB beta|RAC-PK-beta|murine thymoma viral (v-akt) homolog-2|protein kinase Akt-2|protein kinase B beta|putative v-akt murine thymoma viral oncoprotein 2|rac protein kinase beta|v-akt murine thymoma viral oncogene homolog 2,32.11713048,82.44161844,32.98463823,49.18112905,20.50709187,85.6875608,32.67091421,15.54297102,38.60213447,0.638509467,1.039372618,0.990488784,0.784897281,1,0.999996026,,
ENSG00000105255,FSD1,19,4304598,4323836,+,19239,1833,protein_coding,FSD1-201,GLFND|MIR1,fibronectin type III and SPRY domain containing 1,fibronectin type III and SPRY domain containing 1,"fibronectin type III and SPRY domain-containing protein 1|MID1-related protein 1|fibronectin type 3 and SPRY (spla, ryanodine) domain containing (with coiled-coil motif) 1|fibronectin type 3 and SPRY domain containing 1|microtubule-associated protein GLFND|midline 1-related protein 1",0.421965633,0.959860766,0,0.4606088,0,0.959932088,0.348996295,0,0.327232096,0,1.000074305,#DIV/0!,0.710433878,1,NA,,
ENSG00000105971,CAV2,7,116499738,116508541,+,8804,2953,protein_coding,CAV2-201,CAV,caveolin 2,caveolin 2,"caveolin-2|caveolae protein, 20-kD|caveolin 2 isoform a and b",21.73973227,20.53250419,11.86527483,18.04583709,16.05597512,85.04154206,7.744544511,17.48658257,31.58216106,0.738554409,4.14180079,0.652706711,1.750107845,1,0.999996026,,
ENSG00000108262,GIT1,17,29573469,29589627,-,16159,3768,protein_coding,GIT1-201,-,GIT ArfGAP 1,GIT ArfGAP 1,ARF GTPase-activating protein GIT1|ARF GAP GIT1|CAT-1|CAT1|G protein-coupled receptor kinase interacting ArfGAP 1|G protein-coupled receptor kinase-interactor 1|GRK-interacting protein 1|cool-associated and tyrosine-phosphorylated protein 1,13.54791887,26.50774723,42.53787712,27.53118108,14.25162956,20.4430548,36.75617306,23.81337113,23.81605714,1.051942346,0.771210568,0.864081039,0.865057589,1,0.999996026,,
ENSG00000111206,FOXM1,12,2857681,2877155,-,19475,3487,protein_coding,FOXM1-210,FKHL16|FOXM1A|FOXM1B|FOXM1C|HFH-11|HFH11|HNF-3|INS-1|MPHOSPH2|MPP-2|MPP2|PIG29|TRIDENT,forkhead box M1,forkhead box M1,"forkhead box protein M1|Forkhead, drosophila, homolog-like 16|HNF-3/fork-head homolog 11|M-phase phosphoprotein 2|MPM-2 reactive phosphoprotein 2|a novel forkhead box M1 isoform FOXM1D|forkhead box M1-D|forkhead-related protein FKHL16|hepatocyte nuclear factor 3 forkhead homolog 11|transcription factor Trident|winged-helix factor from INS-1 cells",8.650719008,22.51144635,21.25585814,17.4726745,1.502448543,2.635156274,39.3283269,18.09950169,15.39135835,0.173679037,0.117058506,1.850234728,0.880881651,0.851733686,0.703921378,,
ENSG00000112029,FBXO5,6,152970519,152973985,-,3467,2610,protein_coding,FBXO5-203,EMI1|FBX5|Fbxo31,F-box protein 5,F-box protein 5,F-box only protein 5|F-box protein Fbx5|early mitotic inhibitor 1,5.334227617,6.274400203,2.613920831,4.74084955,1.304741281,1.985024318,6.525779421,7.938276552,4.438455393,0.244597976,0.316368777,2.496548229,0.936215196,1,0.999996026,,
ENSG00000112659,CUL9,6,43182184,43224587,+,42404,8150,protein_coding,CUL9-218,H7AP1|PARC,cullin 9,cullin 9,cullin-9|CUL-9|UbcH7-associated protein 1|p53-associated parkin-like cytoplasmic protein|parkin-like cytoplasmic p53 binding protein,6.548337096,13.55064298,14.41665537,11.50521182,10.09238008,13.62546059,16.02218972,15.85939534,13.89985643,1.541212667,1.005521333,1.111366631,1.208135639,1,0.999996026,,
ENSG00000112984,KIF20A,5,138179112,138187723,+,8612,3095,protein_coding,KIF20A-201,MKLP2|RAB6KIFL,kinesin family member 20A,kinesin family member 20A,"kinesin-like protein KIF20A|GG10_2|RAB6 interacting, kinesin-like (rabkinesin6)|mitotic kinesin-like protein 2|rab6-interacting kinesin-like protein|rabkinesin-6",10.4961054,23.00130325,11.9195916,15.13900008,1.438831133,3.537429871,28.29089975,10.76239711,11.00738947,0.137082382,0.153792584,2.373478951,0.727088276,1,0.965524608,,
ENSG00000114346,ECT2,3,172750685,172821473,+,70789,4406,protein_coding,ECT2-216,ARHGEF31,epithelial cell transforming 2,epithelial cell transforming 2,protein ECT2|epithelial cell-transforming sequence 2 oncogene,4.388691584,7.955777419,6.251024169,6.198497724,1.248522463,2.218635596,11.50636269,10.01979084,6.248327897,0.284486262,0.278870999,1.840716397,1.008039073,1,0.999996026,,
ENSG00000115760,BIRC6,2,32357028,32618899,+,261872,15703,protein_coding,BIRC6-201,APOLLON|BRUCE,baculoviral IAP repeat containing 6,baculoviral IAP repeat containing 6,baculoviral IAP repeat-containing protein 6|BIR repeat-containing ubiquitin-conjugating enzyme|RING-type E3 ubiquitin transferase BIRC6|ubiquitin-conjugating BIR-domain enzyme apollon,24.92340829,30.92410625,38.25934332,31.36895262,33.93047008,29.04641735,41.81764814,30.99629473,33.94770757,1.361389649,0.939280738,1.093004859,1.082207238,1,0.999996026,,
ENSG00000117650,NEK2,1,211662772,211675621,-,12850,2134,protein_coding,NEK2-202,HsPK21|NEK2A|NLK1|PPP1R111|RP67,NIMA related kinase 2,NIMA related kinase 2,"serine/threonine-protein kinase Nek2|NIMA (never in mitosis gene a)-related kinase 2|nimA-like protein kinase 1|nimA-related protein kinase 2|protein phosphatase 1, regulatory subunit 111",1.449790075,5.073678276,3.946876189,3.490114846,0.122751595,0.687111652,7.906446457,9.111477254,4.456946739,0.08466853,0.135426729,2.003216234,1.27702008,1,0.999996026,,
ENSG00000124006,OBSL1,2,219550728,219571539,-,20812,6105,protein_coding,OBSL1-204,-,obscurin like 1,obscurin like 1,obscurin-like protein 1,6.207974976,24.47432699,18.05934092,16.2472143,10.04041694,67.49045872,16.22852064,15.5851879,27.33614605,1.617341722,2.757602231,0.898621977,1.682512802,1,0.999996026,,
ENSG00000125398,SOX9,17,72121020,72126416,+,5397,3931,protein_coding,SOX9-201,CMD1|CMPD1|SRA1|SRXX2|SRXY10,SRY-box 9,SRY-box 9,"transcription factor SOX-9|SRY (sex determining region Y)-box9|SRY (sex-determining region Y)-box 9 protein|SRY-related HMG-box, gene 9",0.983799294,4.062621068,0.257114234,1.767844866,1.132837028,20.96307558,0.183076567,1.94608396,6.056268284,1.151492012,5.159987906,0.712043685,3.425791709,1,0.999996026,,
ENSG00000126581,BECN1,17,42810134,42824278,-,14145,4865,protein_coding,BECN1-222,ATG6|VPS30|beclin1,beclin 1,beclin 1,"beclin-1|ATG6 autophagy related 6 homolog|beclin 1 (coiled-coil, moesin-like BCL2-interacting protein)|beclin 1, autophagy related|coiled-coil myosin-like BCL2-interacting protein|testis secretory sperm-binding protein Li 215e",11.4469345,32.46499679,52.57870259,32.16354463,9.799639552,26.78414417,40.05585246,18.50925688,23.78722327,0.856092917,0.825016073,0.761826566,0.73957095,1,0.999996026,,
ENSG00000127445,PIN1,19,9835331,9849682,+,14352,4022,protein_coding,PIN1-204,DOD|UBL5,"peptidylprolyl cis/trans isomerase, NIMA-interacting 1","peptidylprolyl cis/trans isomerase, NIMA-interacting 1",peptidyl-prolyl cis-trans isomerase NIMA-interacting 1|PPIase Pin1|protein (peptidyl-prolyl cis/trans isomerase) NIMA-interacting 1|rotamase Pin1,10.00001896,9.758504903,8.879156455,9.545893439,6.057067882,9.843361303,9.105770617,10.10465509,8.777713722,0.60570564,1.008695635,1.025522037,0.91952773,1,0.999996026,,
ENSG00000127564,PKMYT1,16,2968102,2980416,-,12315,2308,protein_coding,PKMYT1-203,MYT1|PPP1R126,"protein kinase, membrane associated tyrosine/threonine 1","protein kinase, membrane associated tyrosine/threonine 1","membrane-associated tyrosine- and threonine-specific cdc2-inhibitory kinase|myt1 kinase|protein phosphatase 1, regulatory subunit 126",2.010735714,5.746688068,2.919457119,3.5589603,0.226994717,1.73651493,5.855233167,3.452689941,2.817858189,0.112891374,0.302176647,2.005589714,0.791764434,1,0.999996026,,
ENSG00000128944,KNSTRN,15,40382721,40394154,+,11434,1899,protein_coding,KNSTRN-202,C15orf23|HSD11|SKAP|TRAF4AF1,kinetochore localized astrin (SPAG5) binding protein,kinetochore localized astrin (SPAG5) binding protein,"small kinetochore-associated protein|TRAF4 associated factor 1|kinastrin|kinetochore-localized astrin-binding protein|putative TRAF4-associated factor 1|small kinetochore associated protein|small kinetochore-associated protein, kinetochore-localized astrin-binding protein, TRAF4 associated factor 1",11.81170466,16.60574289,14.45907643,14.29217466,1.655304287,7.309603992,21.39104698,6.881961954,9.309479304,0.140141016,0.440185305,1.479420009,0.651368985,1,0.999996026,,
ENSG00000130177,CDC16,13,114234897,114272723,+,37827,2331,protein_coding,CDC16-203,ANAPC6|APC6|CDC16Hs|CUT9,cell division cycle 16,cell division cycle 16,"cell division cycle protein 16 homolog|anaphase-promoting complex, subunit 6|cell division cycle 16 homolog|cyclosome subunit 6",19.57714169,40.23632562,68.11095963,42.64147565,25.50968772,33.25533929,74.98962437,37.26298215,42.75440838,1.303034331,0.826500402,1.10099204,1.002648425,1,0.999996026,,
ENSG00000131242,RAB11FIP4,17,31391675,31538211,+,146537,8571,protein_coding,RAB11FIP4-211,FIP4-Rab11|RAB11-FIP4,RAB11 family interacting protein 4,RAB11 family interacting protein 4,rab11 family-interacting protein 4|RAB11 family interacting protein 4 (class II)|arfophilin-2,2.346288428,0.236857487,1.729533948,1.437559954,3.484134522,0.547444645,2.845519973,0.595034111,1.868033313,1.484955762,2.311282839,1.645252454,1.299447238,1,0.999996026,,
ENSG00000134982,APC,5,112737885,112846239,+,108355,10704,protein_coding,APC-201,BTPS2|DP2|DP2.5|DP3|GS|PPP1R46,APC regulator of WNT signaling pathway,APC regulator of WNT signaling pathway,"adenomatous polyposis coli protein|APC, WNT signaling pathway regulator|WNT signaling pathway regulator|adenomatosis polyposis coli tumor suppressor|adenomatous polyposis coli (APC)|deleted in polyposis 2.5|epididymis secretory sperm binding protein|protein phosphatase 1, regulatory subunit 46|truncated adenomatosis polyposis coli",8.020776674,13.31403284,14.26591467,11.86690806,10.22943718,15.65291355,19.729478,10.83948525,14.11282849,1.275367411,1.175670342,1.382980234,1.189259108,1,0.999996026,,
ENSG00000136122,BORA,13,72727904,72756198,+,28295,3034,protein_coding,BORA-206,C13orf34,BORA aurora kinase A activator,BORA aurora kinase A activator,protein aurora borealis,1.784522424,2.18578709,1.832214338,1.934174617,1.122404332,0.773261049,3.689824865,3.466983214,2.263118365,0.628966225,0.353767781,2.013860927,1.170069313,1,0.999996026,,
ENSG00000136717,BIN1,2,127048033,127056491,-,8459,5141,protein_coding,BIN1-212,AMPH2|AMPHL|CNM2|SH3P9,bridging integrator 1,bridging integrator 1,myc box-dependent-interacting protein 1|amphiphysin II|amphiphysin-like protein|box dependant MYC interacting protein 1|box-dependent myc-interacting protein 1,3.911697748,7.371192966,6.995651871,6.092847528,5.706791126,7.206461578,6.688275372,3.937127658,5.884663934,1.458903907,0.977652004,0.956061779,0.965831478,1,0.999996026,,
ENSG00000137177,KIF13A,6,17759183,17987463,-,228281,6924,protein_coding,KIF13A-203,RBKIN|bA500C11.2,kinesin family member 13A,kinesin family member 13A,kinesin-like protein KIF13A|homolog of mouse KIF13A mannose-6-phosphate receptor transporter|kinesin-like protein RBKIN,17.42637618,33.09232279,83.00989741,44.50953213,21.29967094,55.41317968,53.21679375,79.8722273,52.45046792,1.22226622,1.674502574,0.641089742,1.178409779,1,0.999996026,,
ENSG00000137497,NUMA1,11,72002864,72080687,-,77824,7343,protein_coding,NUMA1-205,NMP-22|NUMA,nuclear mitotic apparatus protein 1,nuclear mitotic apparatus protein 1,nuclear mitotic apparatus protein 1|SP-H antigen|centrophilin stabilizes mitotic spindle in mitotic cells|nuclear matrix protein-22|structural nuclear protein,22.33067643,15.55594043,33.97499834,23.95387173,34.67482638,18.81044644,21.58357675,18.4705323,23.38484547,1.552788895,1.209213067,0.635278228,0.976244915,1,0.999996026,,
ENSG00000138083,SIX3,2,44941702,44946071,+,4370,2713,protein_coding,SIX3-201,HPE2,SIX homeobox 3,SIX homeobox 3,homeobox protein SIX3|sine oculis homeobox homolog 3|sine oculis homeobox-like protein 3|truncated SIX3,0,0.049885871,0.062090924,0.037325598,0,0,0,0,0,#DIV/0!,0,0,0,1,NA,,
ENSG00000138182,KIF20B,10,89701617,89774939,+,73323,6419,protein_coding,KIF20B-202,CT90|KRMP1|MPHOSPH1|MPP-1|MPP1,kinesin family member 20B,kinesin family member 20B,kinesin-like protein KIF20B|M-phase phosphoprotein 1|cancer/testis antigen 90|kinesin-related motor interacting with PIN1|mitotic kinesin-like protein|mitotic kinesin-related protein,3.373884426,1.665662731,1.299019699,2.112855619,1.265073844,0.624377077,3.263827593,2.582196828,1.933868836,0.374960634,0.374852043,2.512531253,0.915286789,1,0.999996026,,
ENSG00000140463,BBS4,15,72686207,72738473,+,52267,2467,protein_coding,BBS4-201,-,Bardet-Biedl syndrome 4,Bardet-Biedl syndrome 4,Bardet-Biedl syndrome 4 protein,7.524569157,9.381111848,22.19177934,13.03248678,15.60880819,11.25329386,15.23428242,13.76048792,13.9642181,2.074378993,1.199569309,0.686483143,1.07149298,1,0.999996026,,
ENSG00000143933,CALM2,2,47160164,47174207,-,14044,4502,protein_coding,CALM2-205,CALM|CALML2|CAM1|CAM3|CAMC|CAMII|CAMIII|LQT15|PHKD|PHKD2|caM,calmodulin 2,calmodulin 2,"calmodulin-2|Calmodulin-1|Calmodulin-3|LP7057 protein|calmodulin 2 (phosphorylase kinase, delta)|phosphorylase kinase delta|phosphorylase kinase subunit delta|prepro-calmodulin 2",16.8368224,35.17286328,25.12571564,25.71180044,14.4300471,23.58059742,21.38524796,18.55022476,19.48652931,0.857052878,0.670420183,0.851129905,0.757882722,1,0.999996026,,
ENSG00000147400,CETN2,X,152826973,152830777,-,3805,1454,protein_coding,CETN2-201,CALT|CEN2,centrin 2,centrin 2,"centrin-2|caltractin (20kD calcium-binding protein)|centrin, EF-hand protein, 2",6.915418886,8.93581522,13.26535858,9.705530894,5.584944296,14.11839595,10.33919525,8.54975315,9.648072161,0.80760752,1.579978502,0.779413175,0.994079795,1,0.999996026,,
ENSG00000148773,MKI67,10,128096659,128126423,-,29765,12716,protein_coding,MKI67-202,KIA|MIB-|MIB-1|PPP1R105,marker of proliferation Ki-67,marker of proliferation Ki-67,"proliferation marker protein Ki-67|antigen Ki67|antigen identified by monoclonal antibody Ki-67|proliferation-related Ki-67 antigen|protein phosphatase 1, regulatory subunit 105",19.22100578,25.53330786,21.14931558,21.96787641,1.462612861,3.628456732,52.50216782,18.28639734,18.96990869,0.076094502,0.142106802,2.482452334,0.863529471,0.877335278,0.513951427,,
ENSG00000149948,HMGA2,12,65824898,65958854,+,133957,8094,protein_coding,HMGA2-210,BABL|HMGI-C|HMGIC|LIPO|STQTL9,high mobility group AT-hook 2,high mobility group AT-hook 2,high mobility group protein HMGI-C|HMGA2/KRT121P fusion|high-mobility group (nonhistone chromosomal) protein isoform I-C,17.48748825,6.086470713,6.982440415,10.18546646,0.420728286,1.207722811,20.80599361,34.99029528,14.356185,0.024058817,0.198427442,2.979759565,1.409477421,1,0.999996026,,
ENSG00000153207,AHCTF1,1,246839112,246931967,-,92856,8892,protein_coding,AHCTF1-207,ELYS|MST108|MSTP108|TMBS62,AT-hook containing transcription factor 1,AT-hook containing transcription factor 1,protein ELYS|ELYS transcription factor-like protein TMBS62|embryonic large molecule derived from yolk sac|putative AT-hook-containing transcription factor 1,4.001270605,7.777657224,7.511413174,6.430113668,4.477810315,6.497084216,11.3848561,16.25665588,9.654101627,1.119097096,0.835352347,1.515674325,1.501388953,1,0.999996026,,
ENSG00000154803,FLCN,17,17212212,17237168,-,24957,3667,protein_coding,FLCN-201,BHD|FLCL,folliculin,folliculin,folliculin|BHD skin lesion fibrofolliculoma protein|birt-Hogg-Dube syndrome protein,10.9681146,28.04981721,48.78558541,29.26783907,23.07348372,35.26788399,33.62534568,20.90535496,28.21801709,2.10368733,1.257330261,0.689247559,0.964130526,1,0.999996026,,
ENSG00000156509,FBXO43,8,100133351,100145817,-,12467,3260,protein_coding,FBXO43-201,EMI2|ERP1|FBX43,F-box protein 43,F-box protein 43,F-box only protein 43|early mitotic inhibitor 2|endogenous meiotic inhibitor 2,0.23725859,4.193060482,0.723416399,1.717911824,0,0.509755348,1.201909517,0.39110716,0.525693006,0,0.121571189,1.661435265,0.306006978,1,0.999996026,,
ENSG00000158402,CDC25C,5,138285577,138331869,-,46293,2137,protein_coding,CDC25C-210,CDC25|PPP1R60,cell division cycle 25C,cell division cycle 25C,"M-phase inducer phosphatase 3|dual specificity phosphatase CDC25C|mitosis inducer CDC25|phosphotyrosine phosphatase|protein phosphatase 1, regulatory subunit 60",4.705203117,6.459858465,5.517869584,5.560977055,0.122579271,0.960605883,13.65782791,2.461120044,4.300533278,0.026051855,0.148703859,2.475199478,0.773341309,1,0.965524608,,
ENSG00000160014,CALM3,19,46607962,46610781,+,2820,2536,protein_coding,CALM3-205,CALM|CAM1|CAM2|CAMB|CaM|CaMIII|HEL-S-72|PHKD|PHKD3,calmodulin 3,calmodulin 3,calmodulin-3|Calmodulin-1|Calmodulin-2|epididymis secretory protein Li 72|phosphorylase kinase subunit delta|prepro-calmodulin 3,40.86910197,59.93187433,110.0987027,70.29989301,60.83977567,58.55163056,127.387088,55.86964239,75.66203415,1.488649682,0.976969788,1.157026239,1.076275239,1,0.999996026,,
ENSG00000161800,RACGAP1,12,49989162,50025438,-,36277,3229,protein_coding,RACGAP1-202,CYK4|HsCYK-4|ID-GAP|MgcRacGAP,Rac GTPase activating protein 1,Rac GTPase activating protein 1,rac GTPase-activating protein 1|male germ cell RacGap|protein CYK4 homolog,17.96522928,20.87318156,13.01608628,17.28483237,3.001616731,4.238287956,29.51899072,16.18934128,13.23705917,0.167079233,0.203049446,2.267885298,0.765819354,1,0.999996026,,
ENSG00000162413,KLHL21,1,6590724,6603001,-,12278,6445,protein_coding,KLHL21-202,-,kelch like family member 21,kelch like family member 21,kelch-like protein 21,14.64119264,7.538741988,22.46471292,14.88154918,13.37194356,10.29857941,13.63540572,29.15508172,16.6152526,0.91330972,1.366087263,0.606969952,1.116500197,1,0.999996026,,
ENSG00000162992,NEUROD1,2,181676467,181680876,-,4410,2852,protein_coding,NEUROD1-201,BETA2|BHF-1|MODY6|NEUROD|bHLHa3,neuronal differentiation 1,neuronal differentiation 1,neurogenic differentiation factor 1|basic helix-loop-helix transcription factor|beta-cell E-box transactivator 2|class A basic helix-loop-helix protein 3|neurogenic helix-loop-helix protein NEUROD,0,0,0,0,0,0,0,0,0,#DIV/0!,#DIV/0!,#DIV/0!,#DIV/0!,1,NA,,
ENSG00000164850,GPER1,7,1086807,1093815,+,7009,2971,protein_coding,GPER1-203,CEPR|CMKRL2|DRY12|FEG-1|GPCR-Br|GPER|GPR30|LERGU|LERGU2|LyGPR|mER,G protein-coupled estrogen receptor 1,G protein-coupled estrogen receptor 1,G-protein coupled estrogen receptor 1|G protein-coupled receptor 30|IL8-related receptor DRY12|chemoattractant receptor-like 2|chemokine receptor-like 2|constitutively expressed peptide-like receptor|flow-induced endothelial G-protein coupled receptor 1|heptahelix receptor|lymphocyte-derived G-protein coupled receptor|membrane estrogen receptor,3.384388778,6.605302376,1.842716918,3.944136024,2.116070576,9.673310939,2.180096216,2.735841316,4.176329762,0.625244532,1.464476626,1.183087969,1.058870621,1,0.999996026,,
ENSG00000164885,CDK5,7,151053815,151057897,-,4083,1122,protein_coding,CDK5-204,LIS7|PSSALRE,cyclin dependent kinase 5,cyclin dependent kinase 5,cyclin-dependent-like kinase 5|TPKII catalytic subunit|cell division protein kinase 5|epididymis secretory sperm binding protein|protein kinase CDK5 splicing|serine/threonine-protein kinase PSSALRE|tau protein kinase II catalytic subunit,13.78721933,13.26866353,21.09411848,16.05000045,4.669374392,16.29218072,28.22250918,11.78985911,15.24348085,0.338674121,1.227869008,1.337932619,0.949749559,1,0.999996026,,
ENSG00000166851,PLK1,16,23677656,23690366,+,12711,4135,protein_coding,PLK1-202,PLK|STPK13,polo like kinase 1,polo like kinase 1,serine/threonine-protein kinase PLK1|PLK-1|cell cycle regulated protein kinase|polo (Drosophia)-like kinase|serine/threonine-protein kinase 13,7.108003429,5.989670457,7.556945913,6.884873266,1.457048072,2.056715438,16.28282936,7.400296056,6.799222232,0.204986968,0.343377061,2.154683856,0.987559534,1,0.999996026,,
ENSG00000167657,DAPK3,19,3958453,3971099,-,12647,2286,protein_coding,DAPK3-202,DLK|ZIP|ZIPK,death associated protein kinase 3,death associated protein kinase 3,death-associated protein kinase 3|DAP kinase 3|DAP-like kinase|MYPT1 kinase|ZIP-kinase|zipper-interacting protein kinase,19.62417072,8.999009593,10.242748,12.95530944,8.365043285,10.56212241,8.779924663,18.54508338,11.56304343,0.426262256,1.173698317,0.857184484,0.892533172,1,0.999996026,,
ENSG00000167967,E4F1,16,2228393,2235741,+,7349,5931,protein_coding,E4F1-209,E4F,E4F transcription factor 1,E4F transcription factor 1,transcription factor E4F1|RING-type E3 ubiquitin transferase E4F1|p120E4F|p50E4F|putative E3 ubiquitin-protein ligase E4F1|transcription factor E4F,3.781896331,6.115531718,4.899357034,4.932261694,4.814155702,6.609169924,5.177219691,4.299475102,5.225005105,1.272947559,1.080718771,1.056714107,1.059352773,1,0.999996026,,
ENSG00000169136,ATF5,19,49929205,49933935,+,4731,2007,protein_coding,ATF5-201,ATFX|HMFN0395,activating transcription factor 5,activating transcription factor 5,cyclic AMP-dependent transcription factor ATF-5|cAMP-dependent transcription factor ATF-5|transcription factor ATFx,5.395357285,17.12827776,9.652245994,10.72529368,4.307131446,35.45801963,9.163761081,5.241069791,13.54249549,0.798303285,2.070145062,0.949391581,1.262668967,1,0.999996026,,
ENSG00000169515,CCDC8,19,46410329,46413662,-,3334,3334,protein_coding,CCDC8-202,3M3|PPP1R20|p90,coiled-coil domain containing 8,coiled-coil domain containing 8,"coiled-coil domain-containing protein 8|protein phosphatase 1, regulatory subunit 20",2.087932526,8.727708194,1.010513952,3.942051557,5.657029709,1.026202145,6.211943008,3.489640144,4.096203752,2.70939297,0.117579796,6.147310483,1.039104561,1,0.999996026,,
ENSG00000171612,SLC25A33,1,9539465,9585173,+,45709,3865,protein_coding,SLC25A33-201,BMSC-MCP|PNC1,solute carrier family 25 member 33,solute carrier family 25 member 33,"solute carrier family 25 member 33|PNC1 protein|bone marrow stromal cell mitochondrial carrier protein|huBMSC-MCP|mitochondrial carrier protein|novel mitochondrial carrier protein|solute carrier family 25 (pyrimidine nucleotide carrier), member 33",1.40083856,0.945456646,1.656197071,1.334164092,0.948855536,1.062258614,2.193055694,2.515380654,1.679887625,0.677348242,1.123540269,1.324151415,1.259131193,1,0.999996026,,
ENSG00000172046,USP19,3,49108131,49120938,-,12808,4719,protein_coding,USP19-208,ZMYND9,ubiquitin specific peptidase 19,ubiquitin specific peptidase 19,ubiquitin carboxyl-terminal hydrolase 19|deubiquitinating enzyme 19|ubiquitin specific protease 19|ubiquitin thioesterase 19|ubiquitin thiolesterase 19|ubiquitin-specific-processing protease 19|zinc finger MYND domain-containing protein 9,10.16204838,16.57697239,34.37591159,20.37164412,17.54117429,17.31756273,33.99180646,27.25504711,24.02639765,1.726145521,1.04467585,0.988826329,1.179403955,1,0.999996026,,
ENSG00000173846,PLK3,1,44800388,44805990,+,5603,2477,protein_coding,PLK3-204,CNK|FNK|PLK-3|PRK,polo like kinase 3,polo like kinase 3,serine/threonine-protein kinase PLK3|FGF-inducible kinase|cytokine-inducible serine/threonine-protein kinase|proliferation-related kinase,17.79870459,3.49688476,28.66483764,16.65347566,11.73866019,5.485538442,20.82221862,23.35629748,15.35067868,0.659523289,1.568692942,0.726402811,0.921770266,1,0.999996026,,
ENSG00000175643,RMI2,16,11249649,11351755,+,102107,1865,protein_coding,RMI2-202,BLAP18|C16orf75,RecQ mediated genome instability 2,RecQ mediated genome instability 2,"recQ-mediated genome instability protein 2|BLM-associated protein of 18 kDa|RMI2, RecQ mediated genome instability 2, homolog",2.903078302,3.77356522,3.432279721,3.369641081,0.280913569,1.72967924,4.887866202,5.896490922,3.198737484,0.096764035,0.45836739,1.42408737,0.949281365,1,0.999996026,,
ENSG00000178999,AURKB,17,8204733,8210582,-,5850,1254,protein_coding,AURKB-201,AIK2|AIM-1|AIM1|ARK-2|ARK2|AurB|IPL1|PPP1R48|STK-1|STK12|STK5|aurkb-sv1|aurkb-sv2,aurora kinase B,aurora kinase B,"aurora kinase B|aurora kinase B-Sv1|aurora kinase B-Sv2|aurora- and Ipl1-like midbody-associated protein 1|aurora-1|aurora-B|aurora-related kinase 2|aurora/IPL1-related kinase 2|protein phosphatase 1, regulatory subunit 48|serine/threonine kinase 12|serine/threonine-protein kinase 12|serine/threonine-protein kinase 5|serine/threonine-protein kinase aurora-B",4.934373236,20.82989715,13.29889545,13.02105528,1.044465325,2.572449588,35.26313249,13.85327136,13.18332969,0.211671326,0.12349795,2.651583555,1.012462462,1,0.999996026,,
ENSG00000180198,RCC1,1,28506057,28539300,+,33244,2844,protein_coding,RCC1-203,CHC1|RCC1-I|SNHG3-RCC1,regulator of chromosome condensation 1,regulator of chromosome condensation 1,regulator of chromosome condensation|SNHG3-RCC1 readthrough|cell cycle regulatory protein|guanine nucleotide-releasing protein,8.702818618,7.85202557,14.30426203,10.28636874,8.473830911,3.127823726,28.48217479,9.806902018,12.47268286,0.973688098,0.398346095,1.99116702,1.212544794,1,0.999996026,,
ENSG00000181555,SETD2,3,47016436,47124250,-,107815,8172,protein_coding,SETD2-201,HBP231|HIF-1|HIP-1|HSPC069|HYPB|KMT3A|LLS|SET2|p231HBP,"SET domain containing 2, histone lysine methyltransferase","SET domain containing 2, histone lysine methyltransferase",histone-lysine N-methyltransferase SETD2|SET domain containing 2|huntingtin interacting protein 1|huntingtin yeast partner B|huntingtin-interacting protein B|lysine N-methyltransferase 3A|protein-lysine N-methyltransferase SETD2,16.18479856,25.02438767,29.77605116,23.66174579,25.13097067,27.10578672,32.7996301,31.04831851,29.0211765,1.552751527,1.083174825,1.101543987,1.226501914,1,0.999996026,,
ENSG00000185513,L3MBTL1,20,43514471,43550941,+,36471,7254,protein_coding,L3MBTL1-223,H-L(3)MBT|L3MBTL|ZC2HC3|dJ138B7.3,L3MBTL histone methyl-lysine binding protein 1,L3MBTL histone methyl-lysine binding protein 1,"lethal(3)malignant brain tumor-like protein 1|L3MBTL1, histone methyl-lysine binding protein|l(3)mbt protein homolog|l(3)mbt-like 1|lethal (3) malignant brain tumor l(3)",2.345765936,10.13093739,10.58925009,7.688651138,5.055592291,8.193255484,9.843900192,5.624524251,7.179318055,2.155198954,0.808736168,0.929612589,0.93375521,1,0.999996026,,
ENSG00000196455,PIK3R4,3,130678934,130746829,-,67896,5016,protein_coding,PIK3R4-201,VPS15|p150,phosphoinositide-3-kinase regulatory subunit 4,phosphoinositide-3-kinase regulatory subunit 4,"phosphoinositide 3-kinase regulatory subunit 4|PI3-kinase p150 subunit|PI3-kinase regulatory subunit 4|phosphatidylinositol 3-kinase-associated p150|phosphoinositide 3-kinase adaptor protein|phosphoinositide-3-kinase, regulatory subunit 4, p150",8.018356509,11.76403518,16.99303308,12.25847492,11.07133244,14.16796099,22.46191396,18.36511661,16.516581,1.38074834,1.204345344,1.321830767,1.347360182,1,0.999996026,,
ENSG00000196504,PRPF40A,2,152651593,152717981,-,66389,8048,protein_coding,PRPF40A-202,FBP-11|FBP11|FLAF1|FNBP3|HIP-10|HIP10|HYPA|NY-REN-6|Prp40,pre-mRNA processing factor 40 homolog A,pre-mRNA processing factor 40 homolog A,pre-mRNA-processing factor 40 homolog A|Fas-ligand associated factor 1|Huntingtin-interacting protein A|NY-REN-6 antigen|PRP40 pre-mRNA processing factor 40 homolog A|fas ligand-associated factor 1|formin binding protein 3|formin-binding protein 11|huntingtin yeast partner A|huntingtin-interacting protein 10|renal carcinoma antigen NY-REN-6,7.3040741,12.05753527,13.23885654,10.86682197,7.941881763,8.077261567,17.07973795,16.15941262,12.31457348,1.087322179,0.669893256,1.29012184,1.133226762,1,0.999996026,,
ENSG00000197102,DYNC1H1,14,101964573,102056443,+,91871,19940,protein_coding,DYNC1H1-201,CMT2O|DHC1|DHC1a|DNCH1|DNCL|DNECL|DYHC|Dnchc1|HL-3|SMALED1|p22,dynein cytoplasmic 1 heavy chain 1,dynein cytoplasmic 1 heavy chain 1,"cytoplasmic dynein 1 heavy chain 1|dynein heavy chain, cytosolic|dynein, cytoplasmic, heavy polypeptide 1",45.18978939,57.78775792,63.49922452,55.49225728,56.16070145,63.28458205,51.59548355,95.5697511,66.65262954,1.242774136,1.09512091,0.812537223,1.201115846,1,0.999996026,,
ENSG00000198382,UVRAG,11,75815210,76144232,+,329023,5117,protein_coding,UVRAG-201,DHTX|VPS38|p63,UV radiation resistance associated,UV radiation resistance associated,UV radiation resistance-associated gene protein|beclin 1 binding protein|disrupted in heterotaxy,11.33666706,4.628603557,11.24224912,9.069173247,11.67188469,5.38721317,7.954184483,8.502969273,8.379062905,1.029569329,1.163896001,0.707526083,0.923905926,1,0.999996026,,
ENSG00000198492,YTHDF2,1,28736621,28769774,+,33154,2825,protein_coding,YTHDF2-209,CAHL|HGRG8|NY-REN-2,YTH N6-methyladenosine RNA binding protein 2,YTH N6-methyladenosine RNA binding protein 2,"YTH domain-containing family protein 2|9430020E02Rik|CLL-associated antigen KW-14|YTH N(6)-methyladenosine RNA binding protein 2|YTH domain family, member 2|high-glucose-regulated protein 8|renal carcinoma antigen NY-REN-2",15.33236399,21.65445888,46.45119802,27.81267363,17.89618314,14.98303912,48.74252117,61.04248262,35.66605651,1.167216168,0.691914733,1.049327536,1.28236706,1,0.999996026,,
ENSG00000198585,NUDT16,3,131381774,131388830,+,7057,6108,protein_coding,NUDT16-202,-,nudix hydrolase 16,nudix hydrolase 16,U8 snoRNA-decapping enzyme|IDP phosphatase|IDPase|U8 snoRNA-binding protein H29K|inosine diphosphate phosphatase|m7GpppN-mRNA hydrolase|nucleoside diphosphate-linked moiety X motif 16|nudix (nucleoside diphosphate linked moiety X)-type motif 16|nudix motif 16|testicular tissue protein Li 129,9.877228941,8.442154584,8.659813391,8.993065639,9.177751691,8.722238207,9.465260324,7.488696811,8.713486758,0.929182845,1.033176794,1.093009733,0.968911727,1,0.999996026,,
ENSG00000198642,KLHL9,9,21329671,21335380,-,5710,5710,protein_coding,KLHL9-201,-,kelch like family member 9,kelch like family member 9,kelch-like protein 9,10.29477905,9.243913051,6.431293051,8.656661716,8.991694058,8.833728813,7.10011111,8.652646581,8.394545141,0.873422734,0.955626558,1.103994337,0.969720825,1,0.999996026,,
ENSG00000198668,CALM1,14,90397029,90408268,+,11240,4203,protein_coding,CALM1-201,CALML2|CAM2|CAM3|CAMB|CAMC|CAMI|CAMIII|CPVT4|DD132|LQT14|PHKD|caM,calmodulin 1,calmodulin 1,"calmodulin-1|Calmodulin-2|Calmodulin-3|calmodulin 1 (phosphorylase kinase, delta)|phosphorylase kinase subunit delta|phosphorylase kinase, delta subunit|prepro-calmodulin 1",64.77729662,102.9140652,29.23774138,65.6430344,50.98183607,92.79914502,26.73069362,49.59886445,55.02763479,0.787032475,0.90171489,0.914253029,0.83828597,1,0.999996026,,
ENSG00000198901,PRC1,15,90966077,90995629,-,29553,4087,protein_coding,PRC1-201,ASE1,protein regulator of cytokinesis 1,protein regulator of cytokinesis 1,protein regulator of cytokinesis 1|anaphase spindle elongation 1 homolog|protein regulating cytokinesis 1,0.567748719,1.821316428,0.824334112,1.071133086,0.640939328,0.454443015,2.034801249,2.534732298,1.416228973,1.128913737,0.249513488,2.468418109,1.322178346,1,0.999996026,,
ENSG00000215483,LINC00598,13,40079106,40273509,-,194404,3541,lincRNA,LINC00598-206,lncFOXO1,long intergenic non-protein coding RNA 598,long intergenic non-protein coding RNA 598,twelve-thirteen translocation leukemia transcript (non-protein coding),2.184306706,3.210559421,1.760166338,2.385010822,0.517837708,2.456939991,1.580758069,2.385466503,1.735250568,0.237071885,0.765268499,0.898073117,0.727565071,1,0.999996026,,
ENSG00000241360,PDXP,22,37658723,37666932,+,8210,2012,protein_coding,PDXP-201,CIN|PLP|dJ37E16.5,pyridoxal phosphatase,pyridoxal phosphatase,"pyridoxal phosphate phosphatase|PLP phosphatase|chronophin|pyridoxal (pyridoxine, vitamin B6) phosphatase|testicular secretory protein Li 36",0.384424953,1.210798521,2.302409833,1.299211102,0.781168698,0.72877548,2.702553067,0.633702456,1.211549925,2.032044727,0.601896572,1.173793227,0.93252738,1,NA,,
ENSG00000247746,USP51,X,55484616,55489202,-,4587,4407,protein_coding,USP51-201,-,ubiquitin specific peptidase 51,ubiquitin specific peptidase 51,ubiquitin carboxyl-terminal hydrolase 51|deubiquitinating enzyme 51|ubiquitin thioesterase 51|ubiquitin thiolesterase 51|ubiquitin-specific-processing protease 51,1.053046977,1.904039668,5.179336866,2.71214117,1.842638758,2.284676127,6.767980136,0.180821611,2.769029158,1.749816293,1.199909942,1.306727157,1.020975305,1,0.999996026,,
ENSG00000278259,MYO19,17,36495638,36535415,-,39778,5743,protein_coding,MYO19-204,MYOHD1,myosin XIX,myosin XIX,unconventional myosin-XIX|myosin head domain containing 1|myosin head domain-containing protein 1,15.21875667,19.08857707,21.85221024,18.71984799,15.05208569,17.25955555,22.43107143,21.86808638,19.15269976,0.989048319,0.904182407,1.026489823,1.023122612,1,0.999996026,,
ENSG00000120885,CLU,8,27596917,27615031,-,18115,3080,protein_coding,CLU-201,AAG4|APO-J|APOJ|CLI|CLU1|CLU2|KUB1|NA1/NA2|SGP-2|SGP2|SP-40|TRPM-2|TRPM2,clusterin,clusterin,"clusterin|aging-associated protein 4|apolipoprotein J|complement cytolysis inhibitor|complement lysis inhibitor|complement-associated protein SP-40,40|epididymis secretory sperm binding protein|ku70-binding protein 1|sulfated glycoprotein 2|testosterone-repressed prostate message 2",7.282606214,0.878833558,1.531387961,3.230942578,21.34737914,34.81660179,10.02143427,0.724437126,16.72746308,2.931282911,39.61683239,6.544020535,5.177270309,0.002156651,0.004934618,DE,Upregulated
ENSG00000019549,SNAI2,8,48917868,48921440,-,3573,2828,protein_coding,SNAI2-204,SLUG|SLUGH|SLUGH1|SNAIL2|WS2D,snail family transcriptional repressor 2,snail family transcriptional repressor 2,"zinc finger protein SNAI2|neural crest transcription factor SLUG|protein snail homolog 2|slug (chicken homolog), zinc finger protein|snail family zinc finger 2|snail homolog 2",31.99970705,2.919293652,7.654232263,14.19107766,20.93392156,10.92290476,5.739974021,27.50196953,16.27469247,0.654191038,3.741625907,0.749908524,1.146825693,1,0.999996026,,
ENSG00000064545,TMEM161A,19,19119169,19138466,-,19298,1930,protein_coding,TMEM161A-202,AROS-29,transmembrane protein 161A,transmembrane protein 161A,transmembrane protein 161A|adaptive response to oxidative stress protein 29,4.408338369,9.116190591,4.713183674,6.079237545,4.886149494,10.38309963,7.582057518,6.358531041,7.302459421,1.108388033,1.138973514,1.608691289,1.201213042,1,0.999996026,,
ENSG00000107562,CXCL12,10,44370165,44385092,-,14928,3532,protein_coding,CXCL12-203,IRH|PBSF|SCYB12|SDF1|TLSF|TPAR1,C-X-C motif chemokine ligand 12,C-X-C motif chemokine ligand 12,stromal cell-derived factor 1|chemokine (C-X-C motif) ligand 12|intercrine reduced in hepatomas|pre-B cell growth-stimulating factor,51.02403174,0.728048412,17.69420802,23.14876272,215.450249,12.03923887,10.25582971,15.07124575,63.20414083,4.222524988,16.53631636,0.579615075,2.730346394,0.825828569,0.671042686,,
ENSG00000119401,TRIM32,9,116687302,116701298,+,13997,3717,protein_coding,TRIM32-203,BBS11|HT2A|LGMD2H|LGMDR8|TATIP,tripartite motif containing 32,tripartite motif containing 32,"E3 ubiquitin-protein ligase TRIM32|72 kDa Tat-interacting protein|RING-type E3 ubiquitin transferase TRIM32|TAT-interactive protein, 72-KD|tripartite motif-containing protein 32|zinc-finger protein HT2A",9.363958894,9.794608284,9.992955343,9.717174174,9.725413686,11.59782357,13.76831225,10.46214283,11.38842309,1.038600638,1.184102848,1.37780184,1.17198919,1,0.999996026,,
ENSG00000124216,SNAI1,20,49982980,49988886,+,5907,1705,protein_coding,SNAI1-201,SLUGH2|SNA|SNAH|SNAIL|SNAIL1|dJ710H13.1,snail family transcriptional repressor 1,snail family transcriptional repressor 1,zinc finger protein SNAI1|protein sna|protein snail homolog 1|snail 1 homolog|snail 1 zinc finger protein|snail family zinc finger 1|snail homolog 1,4.082795919,8.731636645,2.519380195,5.11127092,1.22909984,12.09730252,5.018254565,3.271651536,5.404077116,0.301043663,1.385456474,1.991860766,1.057286378,1,0.999996026,,
ENSG00000129355,CDKN2D,19,10566462,10568978,-,2517,1422,protein_coding,CDKN2D-202,INK4D|p19|p19-INK4D,cyclin dependent kinase inhibitor 2D,cyclin dependent kinase inhibitor 2D,"cyclin-dependent kinase 4 inhibitor D|CDK inhibitor p19INK4d|cell cycle inhibitor, Nur77 associating protein|cyclin-dependent kinase 4 inhibitor D p19|cyclin-dependent kinase inhibitor 2D (p19, inhibits CDK4)|inhibitor of cyclin-dependent kinase 4d",5.439261636,3.331162363,3.435392122,4.068605374,2.947419448,2.612248386,6.016964862,4.034839688,3.902868096,0.541878594,0.784185249,1.751463777,0.959264352,1,0.999996026,,
ENSG00000133112,TPT1,13,45333471,45341284,-,7814,4814,protein_coding,TPT1-214,HRF|TCTP|p02|p23,"tumor protein, translationally-controlled 1","tumor protein, translationally-controlled 1",translationally-controlled tumor protein|fortilin|histamine-releasing factor,78.0853802,96.96487935,115.1244918,96.7249171,86.24714726,100.9411264,103.6173732,165.997529,114.200794,1.104523626,1.041007085,0.900046303,1.180676059,1,0.999996026,,
ENSG00000144476,ACKR3,2,236569825,236582354,+,12530,2015,protein_coding,ACKR3-201,CMKOR1|CXC-R7|CXCR-7|CXCR7|GPR159|RDC-1|RDC1,atypical chemokine receptor 3,atypical chemokine receptor 3,atypical chemokine receptor 3|C-X-C chemokine receptor type 7|G protein-coupled receptor|G-protein coupled receptor 159|G-protein coupled receptor RDC1 homolog|chemokine (C-X-C motif) receptor 7|chemokine orphan receptor 1,17.27336735,6.447977831,3.302174041,9.007839741,3.510025505,19.21102799,4.285899658,4.112933359,7.779971628,0.203204473,2.979388033,1.297902413,0.863688948,1,0.999996026,,
ENSG00000145423,SFRP2,4,153780591,153789083,-,8493,1996,protein_coding,SFRP2-201,FRP-2|SARP1|SDF-5,secreted frizzled related protein 2,secreted frizzled related protein 2,secreted frizzled-related protein 2|SARP-1|sFRP-2|secreted apoptosis related protein 1|testicular tissue protein Li 170,88.73899203,4.746405691,15.57090114,36.35209962,153.2864846,3.722061328,0.560868168,6.946756809,41.12904272,1.727385911,0.784185249,0.036020277,1.131407626,1,0.999996026,,
ENSG00000148411,NACC2,9,136006537,136095289,-,88753,6903,protein_coding,NACC2-201,BEND9|BTBD14|BTBD14A|BTBD31|NAC-2|RBB,NACC family member 2,NACC family member 2,"nucleus accumbens-associated protein 2|BEN domain containing 9|BTB (POZ) domain containing 14A|BTB/POZ domain-containing protein 14A|NACC family member 2, BEN and BTB (POZ) domain containing|repressor with BTB domain and BEN domain|transcription repressor with a BTB domain and a BEN domain",5.490321198,11.0970083,28.27066854,14.95266601,5.957764572,17.02147,15.77729435,1.823948609,10.14511938,1.085139531,1.533879181,0.558079988,0.67848231,1,0.999996026,,
ENSG00000149273,RPS3,11,75399518,75406907,+,7390,2059,protein_coding,RPS3-217,S3,ribosomal protein S3,ribosomal protein S3,40S ribosomal protein S3|IMR-90 ribosomal protein S3|small ribosomal subunit protein uS3,240.0402428,133.7628212,305.1210559,226.30804,260.4252289,104.8270084,346.0695523,257.5252597,242.2117623,1.084923202,0.78367821,1.134204099,1.070274668,1,0.999996026,,
ENSG00000158941,CCAR2,8,22604632,22621514,+,16883,4853,protein_coding,CCAR2-201,DBC-1|DBC1|KIAA1967|NET35|p30 DBC|p30DBC,cell cycle and apoptosis regulator 2,cell cycle and apoptosis regulator 2,cell cycle and apoptosis regulator protein 2|cell division cycle and apoptosis regulator protein 2|deleted in breast cancer 1|p30 DBC protein,10.99710433,27.99953215,18.39685105,19.13116251,12.46875947,19.63924526,17.31752083,40.03287624,22.36460045,1.133822058,0.701413336,0.941330708,1.16901419,1,0.999996026,,
ENSG00000165490,DDIAS,11,82901736,82934659,+,32924,3524,protein_coding,DDIAS-211,C11orf82|noxin,DNA damage induced apoptosis suppressor,DNA damage induced apoptosis suppressor,DNA damage-induced apoptosis suppressor protein|nitric oxide-inducible gene protein,0.877937576,1.881860963,2.055466816,1.605088451,0.52033579,0.527045574,4.061724152,0.859292618,1.492099533,0.592679712,0.28006616,1.97605922,0.9296058,1,0.999996026,,